Domain,Status,Attractiveness,Demand,Length,Created,Expires,Registrar
,premium,,undefined%,,,,
,available,,undefined%,,,,
,available,,undefined%,,,,
,available,,undefined%,,,,
,available,,undefined%,,,,
,available,,undefined%,,,,
,available,,undefined%,,,,
,premium,,undefined%,,,,
,premium,,undefined%,,,,
,available,,undefined%,,,,
,available,,undefined%,,,,
,available,,undefined%,,,,
,available,,undefined%,,,,
,available,,undefined%,,,,
,available,,undefined%,,,,
,available,,undefined%,,,,
,available,,undefined%,,,,
,available,,undefined%,,,,
,available,,undefined%,,,,
,available,,undefined%,,,,
,available,,undefined%,,,,
,available,,undefined%,,,,
,available,,undefined%,,,,
,available,,undefined%,,,,
,available,,undefined%,,,,
,available,,undefined%,,,,
,available,,undefined%,,,,
,available,,undefined%,,,,
,available,,undefined%,,,,
,available,,undefined%,,,,
,available,,undefined%,,,,
,available,,undefined%,,,,
,available,,undefined%,,,,
,available,,undefined%,,,,
,available,,undefined%,,,,
,available,,undefined%,,,,
,available,,undefined%,,,,
,available,,undefined%,,,,
,available,,undefined%,,,,
,available,,undefined%,,,,
,available,,undefined%,,,,
,available,,undefined%,,,,
,available,,undefined%,,,,
,available,,undefined%,,,,
,available,,undefined%,,,,
,available,,undefined%,,,,
,available,,undefined%,,,,
,available,,undefined%,,,,
,available,,undefined%,,,,
,available,,undefined%,,,,
,available,,undefined%,,,,
,available,,undefined%,,,,
,available,,undefined%,,,,
,available,,undefined%,,,,
,available,,undefined%,,,,
,available,,undefined%,,,,
,available,,undefined%,,,,
,available,,undefined%,,,,
,available,,undefined%,,,,
,available,,undefined%,,,,
,available,,undefined%,,,,
,available,,undefined%,,,,
,available,,undefined%,,,,
,available,,undefined%,,,,
,available,,undefined%,,,,
,available,,undefined%,,,,
,available,,undefined%,,,,
,available,,undefined%,,,,
,available,,undefined%,,,,
,available,,undefined%,,,,
,available,,undefined%,,,,
,available,,undefined%,,,,
,available,,undefined%,,,,
,available,,undefined%,,,,
,available,,undefined%,,,,
,available,,undefined%,,,,
,available,,undefined%,,,,
,available,,undefined%,,,,
,available,,undefined%,,,,
,available,,undefined%,,,,
,available,,undefined%,,,,
,available,,undefined%,,,,
,available,,undefined%,,,,
,available,,undefined%,,,,
,available,,undefined%,,,,
,available,,undefined%,,,,
,available,,undefined%,,,,
,available,,undefined%,,,,
,available,,undefined%,,,,
,available,,undefined%,,,,
,available,,undefined%,,,,
,available,,undefined%,,,,
,available,,undefined%,,,,
,available,,undefined%,,,,
,available,,undefined%,,,,
,available,,undefined%,,,,
,available,,undefined%,,,,
,available,,undefined%,,,,
,available,,undefined%,,,,
,available,,undefined%,,,,
,premium,,undefined%,,,,
,available,,undefined%,,,,
,available,,undefined%,,,,
,available,,undefined%,,,,
,available,,undefined%,,,,
,available,,undefined%,,,,
,available,,undefined%,,,,
,available,,undefined%,,,,
,available,,undefined%,,,,
,available,,undefined%,,,,
,available,,undefined%,,,,
,available,,undefined%,,,,
,available,,undefined%,,,,
,available,,undefined%,,,,
,available,,undefined%,,,,
,available,,undefined%,,,,
,available,,undefined%,,,,
,available,,undefined%,,,,
,available,,undefined%,,,,
,available,,undefined%,,,,
,available,,undefined%,,,,
,available,,undefined%,,,,
,available,,undefined%,,,,
,available,,undefined%,,,,
,available,,undefined%,,,,
,available,,undefined%,,,,
,available,,undefined%,,,,
,available,,undefined%,,,,
,available,,undefined%,,,,
,available,,undefined%,,,,
,available,,undefined%,,,,
,available,,undefined%,,,,
,available,,undefined%,,,,
,available,,undefined%,,,,
,available,,undefined%,,,,
,available,,undefined%,,,,
,available,,undefined%,,,,
,available,,undefined%,,,,
,available,,undefined%,,,,
,available,,undefined%,,,,
,available,,undefined%,,,,
,available,,undefined%,,,,
,available,,undefined%,,,,
,available,,undefined%,,,,
,available,,undefined%,,,,
,available,,undefined%,,,,
,available,,undefined%,,,,
,available,,undefined%,,,,
,available,,undefined%,,,,
,available,,undefined%,,,,
,available,,undefined%,,,,
,available,,undefined%,,,,
,available,,undefined%,,,,
,available,,undefined%,,,,
,available,,undefined%,,,,
,available,,undefined%,,,,
,available,,undefined%,,,,
,available,,undefined%,,,,
,available,,undefined%,,,,
,available,,undefined%,,,,
,available,,undefined%,,,,
,available,,undefined%,,,,
,available,,undefined%,,,,
,available,,undefined%,,,,
,available,,undefined%,,,,
,available,,undefined%,,,,
,available,,undefined%,,,,
,available,,undefined%,,,,
,available,,undefined%,,,,
,available,,undefined%,,,,
,available,,undefined%,,,,
,available,,undefined%,,,,
,available,,undefined%,,,,
,available,,undefined%,,,,
,available,,undefined%,,,,
,available,,undefined%,,,,
,available,,undefined%,,,,
,available,,undefined%,,,,
,available,,undefined%,,,,
,available,,undefined%,,,,
,available,,undefined%,,,,
,available,,undefined%,,,,
,available,,undefined%,,,,
,available,,undefined%,,,,
,available,,undefined%,,,,
,available,,undefined%,,,,
,available,,undefined%,,,,
,available,,undefined%,,,,
,available,,undefined%,,,,
,available,,undefined%,,,,
,available,,undefined%,,,,
,available,,undefined%,,,,
,available,,undefined%,,,,
,available,,undefined%,,,,
,available,,undefined%,,,,
,available,,undefined%,,,,
,available,,undefined%,,,,
,available,,undefined%,,,,
,available,,undefined%,,,,
,available,,undefined%,,,,
,available,,undefined%,,,,
,available,,undefined%,,,,
,available,,undefined%,,,,
,available,,undefined%,,,,
,available,,undefined%,,,,
,available,,undefined%,,,,
,available,,undefined%,,,,
,available,,undefined%,,,,
,available,,undefined%,,,,
,available,,undefined%,,,,
,available,,undefined%,,,,
,available,,undefined%,,,,
,available,,undefined%,,,,
,available,,undefined%,,,,
,available,,undefined%,,,,
,available,,undefined%,,,,
,available,,undefined%,,,,
,available,,undefined%,,,,
,available,,undefined%,,,,
,available,,undefined%,,,,
,available,,undefined%,,,,
,available,,undefined%,,,,
,available,,undefined%,,,,
,available,,undefined%,,,,
,available,,undefined%,,,,
,available,,undefined%,,,,
,available,,undefined%,,,,
,available,,undefined%,,,,
,available,,undefined%,,,,
,available,,undefined%,,,,
,available,,undefined%,,,,
,available,,undefined%,,,,
,available,,undefined%,,,,
,available,,undefined%,,,,
,available,,undefined%,,,,
,available,,undefined%,,,,
,available,,undefined%,,,,
,available,,undefined%,,,,
,available,,undefined%,,,,
,available,,undefined%,,,,
,available,,undefined%,,,,
,available,,undefined%,,,,
,available,,undefined%,,,,
,available,,undefined%,,,,
,available,,undefined%,,,,
,available,,undefined%,,,,
,available,,undefined%,,,,
,available,,undefined%,,,,
,available,,undefined%,,,,
,available,,undefined%,,,,
,available,,undefined%,,,,
,available,,undefined%,,,,
,available,,undefined%,,,,
,available,,undefined%,,,,
,available,,undefined%,,,,
,available,,undefined%,,,,
,available,,undefined%,,,,
,available,,undefined%,,,,
,available,,undefined%,,,,
,available,,undefined%,,,,
,available,,undefined%,,,,
,available,,undefined%,,,,
,available,,undefined%,,,,
,available,,undefined%,,,,
,available,,undefined%,,,,
,available,,undefined%,,,,
,available,,undefined%,,,,
,available,,undefined%,,,,
,available,,undefined%,,,,
,available,,undefined%,,,,
,available,,undefined%,,,,
,available,,undefined%,,,,
,available,,undefined%,,,,
,available,,undefined%,,,,
,available,,undefined%,,,,
,available,,undefined%,,,,
,available,,undefined%,,,,
,available,,undefined%,,,,
,available,,undefined%,,,,
,available,,undefined%,,,,
,available,,undefined%,,,,
,available,,undefined%,,,,
,available,,undefined%,,,,
,available,,undefined%,,,,
,available,,undefined%,,,,
,available,,undefined%,,,,
,available,,undefined%,,,,
,available,,undefined%,,,,
,available,,undefined%,,,,
,available,,undefined%,,,,
,available,,undefined%,,,,
,available,,undefined%,,,,
,available,,undefined%,,,,
,available,,undefined%,,,,
,available,,undefined%,,,,
,available,,undefined%,,,,
,available,,undefined%,,,,
,available,,undefined%,,,,
,available,,undefined%,,,,
,available,,undefined%,,,,
,available,,undefined%,,,,
,available,,undefined%,,,,
,available,,undefined%,,,,
,available,,undefined%,,,,
,available,,undefined%,,,,
,available,,undefined%,,,,
,available,,undefined%,,,,
,available,,undefined%,,,,
,available,,undefined%,,,,
,available,,undefined%,,,,
,available,,undefined%,,,,
,available,,undefined%,,,,
,available,,undefined%,,,,
,available,,undefined%,,,,
,available,,undefined%,,,,
,available,,undefined%,,,,
,available,,undefined%,,,,
,available,,undefined%,,,,
,available,,undefined%,,,,
,available,,undefined%,,,,
,available,,undefined%,,,,
,available,,undefined%,,,,
,available,,undefined%,,,,
,available,,undefined%,,,,
,available,,undefined%,,,,
,available,,undefined%,,,,
,available,,undefined%,,,,
,available,,undefined%,,,,
,available,,undefined%,,,,
,available,,undefined%,,,,
,available,,undefined%,,,,
,available,,undefined%,,,,
,available,,undefined%,,,,
,available,,undefined%,,,,
,available,,undefined%,,,,
,available,,undefined%,,,,
,available,,undefined%,,,,
,available,,undefined%,,,,
,available,,undefined%,,,,
,available,,undefined%,,,,
,available,,undefined%,,,,
,available,,undefined%,,,,
,available,,undefined%,,,,
,premium,,undefined%,,,,
,available,,undefined%,,,,
,available,,undefined%,,,,
,available,,undefined%,,,,
,available,,undefined%,,,,
,available,,undefined%,,,,
,available,,undefined%,,,,
,available,,undefined%,,,,
,available,,undefined%,,,,
,available,,undefined%,,,,
,available,,undefined%,,,,
,available,,undefined%,,,,
,available,,undefined%,,,,
,available,,undefined%,,,,
,available,,undefined%,,,,
,available,,undefined%,,,,
,available,,undefined%,,,,
,available,,undefined%,,,,
,available,,undefined%,,,,
,available,,undefined%,,,,
,available,,undefined%,,,,
,available,,undefined%,,,,
,available,,undefined%,,,,
,available,,undefined%,,,,
,available,,undefined%,,,,
,available,,undefined%,,,,
,available,,undefined%,,,,
,available,,undefined%,,,,
,available,,undefined%,,,,
,available,,undefined%,,,,
,available,,undefined%,,,,
,available,,undefined%,,,,
,available,,undefined%,,,,
,available,,undefined%,,,,
,resell,,undefined%,,,,
,available,,undefined%,,,,
,available,,undefined%,,,,
,available,,undefined%,,,,
,available,,undefined%,,,,
,available,,undefined%,,,,
,available,,undefined%,,,,
,available,,undefined%,,,,
,available,,undefined%,,,,
,available,,undefined%,,,,
,available,,undefined%,,,,
,available,,undefined%,,,,
,available,,undefined%,,,,
,available,,undefined%,,,,
,available,,undefined%,,,,
,available,,undefined%,,,,
,available,,undefined%,,,,
,available,,undefined%,,,,
,available,,undefined%,,,,
,available,,undefined%,,,,
,available,,undefined%,,,,
,available,,undefined%,,,,
,available,,undefined%,,,,
,available,,undefined%,,,,
,available,,undefined%,,,,
,available,,undefined%,,,,
,available,,undefined%,,,,
,available,,undefined%,,,,
,available,,undefined%,,,,
,available,,undefined%,,,,
,available,,undefined%,,,,
,available,,undefined%,,,,
,available,,undefined%,,,,
,available,,undefined%,,,,
,available,,undefined%,,,,
,available,,undefined%,,,,
,available,,undefined%,,,,
,available,,undefined%,,,,
,available,,undefined%,,,,
,available,,undefined%,,,,
,available,,undefined%,,,,
,available,,undefined%,,,,
,available,,undefined%,,,,
,available,,undefined%,,,,
,available,,undefined%,,,,
,available,,undefined%,,,,
,available,,undefined%,,,,
,available,,undefined%,,,,
,available,,undefined%,,,,
,available,,undefined%,,,,
,available,,undefined%,,,,
,available,,undefined%,,,,
,available,,undefined%,,,,
,available,,undefined%,,,,
,available,,undefined%,,,,
,available,,undefined%,,,,
,available,,undefined%,,,,
,available,,undefined%,,,,
,available,,undefined%,,,,
,available,,undefined%,,,,
,available,,undefined%,,,,
,available,,undefined%,,,,
,available,,undefined%,,,,
,available,,undefined%,,,,
,available,,undefined%,,,,
,available,,undefined%,,,,
,available,,undefined%,,,,
,available,,undefined%,,,,
,available,,undefined%,,,,
,available,,undefined%,,,,
,available,,undefined%,,,,
,available,,undefined%,,,,
,available,,undefined%,,,,
,available,,undefined%,,,,
,available,,undefined%,,,,
,available,,undefined%,,,,
,available,,undefined%,,,,
,available,,undefined%,,,,
,available,,undefined%,,,,
,available,,undefined%,,,,
,available,,undefined%,,,,
,available,,undefined%,,,,
,available,,undefined%,,,,
,available,,undefined%,,,,
,available,,undefined%,,,,
,available,,undefined%,,,,
,available,,undefined%,,,,
,available,,undefined%,,,,
,available,,undefined%,,,,
,available,,undefined%,,,,
,available,,undefined%,,,,
,available,,undefined%,,,,
,available,,undefined%,,,,
,available,,undefined%,,,,
,available,,undefined%,,,,
,available,,undefined%,,,,
,available,,undefined%,,,,
,available,,undefined%,,,,
,available,,undefined%,,,,
,available,,undefined%,,,,
,available,,undefined%,,,,
,available,,undefined%,,,,
,available,,undefined%,,,,
,available,,undefined%,,,,
,available,,undefined%,,,,
,available,,undefined%,,,,
,available,,undefined%,,,,
,available,,undefined%,,,,
,available,,undefined%,,,,
,available,,undefined%,,,,
,available,,undefined%,,,,
,available,,undefined%,,,,
,available,,undefined%,,,,
,available,,undefined%,,,,
,available,,undefined%,,,,
,available,,undefined%,,,,
,available,,undefined%,,,,
,available,,undefined%,,,,
,available,,undefined%,,,,
,available,,undefined%,,,,
,available,,undefined%,,,,
,available,,undefined%,,,,
,available,,undefined%,,,,
,available,,undefined%,,,,
,available,,undefined%,,,,
,available,,undefined%,,,,
,available,,undefined%,,,,
,available,,undefined%,,,,
,available,,undefined%,,,,
,available,,undefined%,,,,
,available,,undefined%,,,,
,available,,undefined%,,,,
,available,,undefined%,,,,
,available,,undefined%,,,,
,available,,undefined%,,,,
,available,,undefined%,,,,
,available,,undefined%,,,,
,available,,undefined%,,,,
,available,,undefined%,,,,
,available,,undefined%,,,,
,available,,undefined%,,,,
,available,,undefined%,,,,
,available,,undefined%,,,,
,available,,undefined%,,,,
,available,,undefined%,,,,
,available,,undefined%,,,,
,available,,undefined%,,,,
,available,,undefined%,,,,
,available,,undefined%,,,,
,available,,undefined%,,,,
,available,,undefined%,,,,
,available,,undefined%,,,,
,available,,undefined%,,,,
,available,,undefined%,,,,
,available,,undefined%,,,,
,available,,undefined%,,,,
,available,,undefined%,,,,
,available,,undefined%,,,,
,available,,undefined%,,,,
,available,,undefined%,,,,
,available,,undefined%,,,,
,available,,undefined%,,,,
,available,,undefined%,,,,
,available,,undefined%,,,,
,available,,undefined%,,,,
,available,,undefined%,,,,
,available,,undefined%,,,,
,available,,undefined%,,,,
,available,,undefined%,,,,
,available,,undefined%,,,,
,available,,undefined%,,,,
,available,,undefined%,,,,
,available,,undefined%,,,,
,available,,undefined%,,,,
,available,,undefined%,,,,
,available,,undefined%,,,,
,available,,undefined%,,,,
,available,,undefined%,,,,
,available,,undefined%,,,,
,available,,undefined%,,,,
,available,,undefined%,,,,
,available,,undefined%,,,,
,available,,undefined%,,,,
,available,,undefined%,,,,
,available,,undefined%,,,,
,available,,undefined%,,,,
,available,,undefined%,,,,
,available,,undefined%,,,,
,available,,undefined%,,,,
,available,,undefined%,,,,
,available,,undefined%,,,,
,available,,undefined%,,,,
,available,,undefined%,,,,
,available,,undefined%,,,,
,available,,undefined%,,,,
,available,,undefined%,,,,
,available,,undefined%,,,,
,available,,undefined%,,,,
,available,,undefined%,,,,
,available,,undefined%,,,,
,available,,undefined%,,,,
,available,,undefined%,,,,
,available,,undefined%,,,,
,available,,undefined%,,,,
,available,,undefined%,,,,
,available,,undefined%,,,,
,available,,undefined%,,,,
,available,,undefined%,,,,
,available,,undefined%,,,,
,available,,undefined%,,,,
,available,,undefined%,,,,
,available,,undefined%,,,,
,available,,undefined%,,,,
,available,,undefined%,,,,
,available,,undefined%,,,,
,available,,undefined%,,,,
,available,,undefined%,,,,
,available,,undefined%,,,,
,available,,undefined%,,,,
,available,,undefined%,,,,
,available,,undefined%,,,,
,available,,undefined%,,,,
,available,,undefined%,,,,
,available,,undefined%,,,,
,available,,undefined%,,,,
,available,,undefined%,,,,
,available,,undefined%,,,,
,available,,undefined%,,,,
,available,,undefined%,,,,
,available,,undefined%,,,,
,available,,undefined%,,,,
,available,,undefined%,,,,
,available,,undefined%,,,,
,available,,undefined%,,,,
,available,,undefined%,,,,
,available,,undefined%,,,,
,available,,undefined%,,,,
,available,,undefined%,,,,
,available,,undefined%,,,,
,available,,undefined%,,,,
,available,,undefined%,,,,
,available,,undefined%,,,,
,available,,undefined%,,,,
,available,,undefined%,,,,
,available,,undefined%,,,,
,available,,undefined%,,,,
,available,,undefined%,,,,
,available,,undefined%,,,,
,available,,undefined%,,,,
,available,,undefined%,,,,
,available,,undefined%,,,,
,available,,undefined%,,,,
,available,,undefined%,,,,
,available,,undefined%,,,,
,available,,undefined%,,,,
,available,,undefined%,,,,
,available,,undefined%,,,,
,available,,undefined%,,,,
,available,,undefined%,,,,
,available,,undefined%,,,,
,available,,undefined%,,,,
,available,,undefined%,,,,
,available,,undefined%,,,,
,available,,undefined%,,,,
,available,,undefined%,,,,
,available,,undefined%,,,,
,available,,undefined%,,,,
,available,,undefined%,,,,
,available,,undefined%,,,,
,available,,undefined%,,,,
,available,,undefined%,,,,
,available,,undefined%,,,,
,available,,undefined%,,,,
,available,,undefined%,,,,
,available,,undefined%,,,,
,available,,undefined%,,,,
,available,,undefined%,,,,
,available,,undefined%,,,,
,available,,undefined%,,,,
,available,,undefined%,,,,
,available,,undefined%,,,,
,available,,undefined%,,,,
,available,,undefined%,,,,
,available,,undefined%,,,,
,available,,undefined%,,,,
,available,,undefined%,,,,
,available,,undefined%,,,,
,available,,undefined%,,,,
,available,,undefined%,,,,
,available,,undefined%,,,,
,available,,undefined%,,,,
,available,,undefined%,,,,
,available,,undefined%,,,,
,available,,undefined%,,,,
,available,,undefined%,,,,
,available,,undefined%,,,,
,available,,undefined%,,,,
,available,,undefined%,,,,
,available,,undefined%,,,,
,available,,undefined%,,,,
,available,,undefined%,,,,
,available,,undefined%,,,,
,available,,undefined%,,,,
,available,,undefined%,,,,
,available,,undefined%,,,,
,available,,undefined%,,,,
,available,,undefined%,,,,
,available,,undefined%,,,,
,available,,undefined%,,,,
,available,,undefined%,,,,
,available,,undefined%,,,,
,available,,undefined%,,,,
,available,,undefined%,,,,
,available,,undefined%,,,,
,available,,undefined%,,,,
,available,,undefined%,,,,
,available,,undefined%,,,,
,available,,undefined%,,,,
,available,,undefined%,,,,
,available,,undefined%,,,,
,available,,undefined%,,,,
,available,,undefined%,,,,
,available,,undefined%,,,,
,available,,undefined%,,,,
,available,,undefined%,,,,
,available,,undefined%,,,,
,available,,undefined%,,,,
,available,,undefined%,,,,
,available,,undefined%,,,,
,available,,undefined%,,,,
,available,,undefined%,,,,
,available,,undefined%,,,,
,available,,undefined%,,,,
,available,,undefined%,,,,
,available,,undefined%,,,,
,available,,undefined%,,,,
,available,,undefined%,,,,
,available,,undefined%,,,,
,available,,undefined%,,,,
,available,,undefined%,,,,
,available,,undefined%,,,,
,available,,undefined%,,,,
,available,,undefined%,,,,
,available,,undefined%,,,,
,available,,undefined%,,,,
,available,,undefined%,,,,
,available,,undefined%,,,,
,available,,undefined%,,,,
,available,,undefined%,,,,
,available,,undefined%,,,,
,available,,undefined%,,,,
,available,,undefined%,,,,
,available,,undefined%,,,,
,available,,undefined%,,,,
,available,,undefined%,,,,
,available,,undefined%,,,,
,available,,undefined%,,,,
,available,,undefined%,,,,
,available,,undefined%,,,,
,available,,undefined%,,,,
,available,,undefined%,,,,
,available,,undefined%,,,,
,available,,undefined%,,,,
,available,,undefined%,,,,
,available,,undefined%,,,,
,available,,undefined%,,,,
,available,,undefined%,,,,
,available,,undefined%,,,,
,available,,undefined%,,,,
,available,,undefined%,,,,
,available,,undefined%,,,,
,available,,undefined%,,,,
,available,,undefined%,,,,
,available,,undefined%,,,,
,available,,undefined%,,,,
,available,,undefined%,,,,
,available,,undefined%,,,,
,available,,undefined%,,,,
,available,,undefined%,,,,
,available,,undefined%,,,,
,available,,undefined%,,,,
,available,,undefined%,,,,
,available,,undefined%,,,,
,available,,undefined%,,,,
,available,,undefined%,,,,
,available,,undefined%,,,,
,available,,undefined%,,,,
,available,,undefined%,,,,
,available,,undefined%,,,,
,available,,undefined%,,,,
,available,,undefined%,,,,
,available,,undefined%,,,,
,available,,undefined%,,,,
,available,,undefined%,,,,
,available,,undefined%,,,,
,available,,undefined%,,,,
,available,,undefined%,,,,
,available,,undefined%,,,,
,available,,undefined%,,,,
,available,,undefined%,,,,
,available,,undefined%,,,,
,available,,undefined%,,,,
,available,,undefined%,,,,
,available,,undefined%,,,,
,available,,undefined%,,,,
,available,,undefined%,,,,
,available,,undefined%,,,,
,available,,undefined%,,,,
,available,,undefined%,,,,
,available,,undefined%,,,,
,available,,undefined%,,,,
,available,,undefined%,,,,
,available,,undefined%,,,,
,available,,undefined%,,,,
,available,,undefined%,,,,
,available,,undefined%,,,,
,available,,undefined%,,,,
,available,,undefined%,,,,
,available,,undefined%,,,,
,available,,undefined%,,,,
,available,,undefined%,,,,
,resell,,undefined%,,,,
,available,,undefined%,,,,
,available,,undefined%,,,,
,available,,undefined%,,,,
,available,,undefined%,,,,
,available,,undefined%,,,,
,available,,undefined%,,,,
,available,,undefined%,,,,
,available,,undefined%,,,,
,available,,undefined%,,,,
,available,,undefined%,,,,
,available,,undefined%,,,,
,available,,undefined%,,,,
,available,,undefined%,,,,
,available,,undefined%,,,,
,available,,undefined%,,,,
,available,,undefined%,,,,
,available,,undefined%,,,,
,available,,undefined%,,,,
,available,,undefined%,,,,
,available,,undefined%,,,,
,available,,undefined%,,,,
,available,,undefined%,,,,
,available,,undefined%,,,,
,available,,undefined%,,,,
,available,,undefined%,,,,
,available,,undefined%,,,,
,available,,undefined%,,,,
,available,,undefined%,,,,
,available,,undefined%,,,,
,available,,undefined%,,,,
,available,,undefined%,,,,
,available,,undefined%,,,,
,available,,undefined%,,,,
,available,,undefined%,,,,
,available,,undefined%,,,,
,available,,undefined%,,,,
,available,,undefined%,,,,
,available,,undefined%,,,,
,available,,undefined%,,,,
,available,,undefined%,,,,
,available,,undefined%,,,,
,available,,undefined%,,,,
,available,,undefined%,,,,
,available,,undefined%,,,,
,available,,undefined%,,,,
,available,,undefined%,,,,
,available,,undefined%,,,,
,available,,undefined%,,,,
,available,,undefined%,,,,
,available,,undefined%,,,,
,available,,undefined%,,,,
,available,,undefined%,,,,
,available,,undefined%,,,,
,available,,undefined%,,,,
,available,,undefined%,,,,
,available,,undefined%,,,,
,available,,undefined%,,,,
,available,,undefined%,,,,
,available,,undefined%,,,,
,available,,undefined%,,,,
,available,,undefined%,,,,
,available,,undefined%,,,,
,available,,undefined%,,,,
,available,,undefined%,,,,
,available,,undefined%,,,,
,available,,undefined%,,,,
,available,,undefined%,,,,
,available,,undefined%,,,,
,available,,undefined%,,,,
,available,,undefined%,,,,
,available,,undefined%,,,,
,available,,undefined%,,,,
,available,,undefined%,,,,
,available,,undefined%,,,,
,available,,undefined%,,,,
,available,,undefined%,,,,
,available,,undefined%,,,,
,available,,undefined%,,,,
,available,,undefined%,,,,
,available,,undefined%,,,,
,available,,undefined%,,,,
,available,,undefined%,,,,
,available,,undefined%,,,,
,available,,undefined%,,,,
,available,,undefined%,,,,
,available,,undefined%,,,,
,available,,undefined%,,,,
,available,,undefined%,,,,
,available,,undefined%,,,,
,available,,undefined%,,,,
,available,,undefined%,,,,
,available,,undefined%,,,,
,available,,undefined%,,,,
,available,,undefined%,,,,
,available,,undefined%,,,,
,available,,undefined%,,,,
,available,,undefined%,,,,
,available,,undefined%,,,,
,available,,undefined%,,,,
,available,,undefined%,,,,
,available,,undefined%,,,,
,available,,undefined%,,,,
,available,,undefined%,,,,
,available,,undefined%,,,,
,available,,undefined%,,,,
,available,,undefined%,,,,
,available,,undefined%,,,,
,available,,undefined%,,,,
,available,,undefined%,,,,
,available,,undefined%,,,,
,available,,undefined%,,,,
,available,,undefined%,,,,
,available,,undefined%,,,,
,available,,undefined%,,,,
,available,,undefined%,,,,
,available,,undefined%,,,,
,available,,undefined%,,,,
,available,,undefined%,,,,
,available,,undefined%,,,,
,available,,undefined%,,,,
,available,,undefined%,,,,
,available,,undefined%,,,,
,available,,undefined%,,,,
,available,,undefined%,,,,
,available,,undefined%,,,,
,available,,undefined%,,,,
,available,,undefined%,,,,
,available,,undefined%,,,,
,available,,undefined%,,,,
,available,,undefined%,,,,
,available,,undefined%,,,,
,available,,undefined%,,,,
,available,,undefined%,,,,
,available,,undefined%,,,,
,available,,undefined%,,,,
,available,,undefined%,,,,
,available,,undefined%,,,,
,available,,undefined%,,,,
,available,,undefined%,,,,
,available,,undefined%,,,,
,available,,undefined%,,,,
,available,,undefined%,,,,
,available,,undefined%,,,,
,available,,undefined%,,,,
,available,,undefined%,,,,
,available,,undefined%,,,,
,available,,undefined%,,,,
,available,,undefined%,,,,
,available,,undefined%,,,,
,available,,undefined%,,,,
,available,,undefined%,,,,
,available,,undefined%,,,,
,available,,undefined%,,,,
,available,,undefined%,,,,
,available,,undefined%,,,,
,available,,undefined%,,,,
,available,,undefined%,,,,
,available,,undefined%,,,,
,available,,undefined%,,,,
,available,,undefined%,,,,
,available,,undefined%,,,,
,available,,undefined%,,,,
,available,,undefined%,,,,
,available,,undefined%,,,,
,available,,undefined%,,,,
,available,,undefined%,,,,
,available,,undefined%,,,,
,available,,undefined%,,,,
,available,,undefined%,,,,
,available,,undefined%,,,,
,available,,undefined%,,,,
,available,,undefined%,,,,
,available,,undefined%,,,,
,available,,undefined%,,,,
,available,,undefined%,,,,
,available,,undefined%,,,,
,available,,undefined%,,,,
,available,,undefined%,,,,
,available,,undefined%,,,,
,available,,undefined%,,,,
,available,,undefined%,,,,
,available,,undefined%,,,,
,available,,undefined%,,,,
,available,,undefined%,,,,
,available,,undefined%,,,,
,available,,undefined%,,,,
,available,,undefined%,,,,
,available,,undefined%,,,,
,available,,undefined%,,,,
,available,,undefined%,,,,
,available,,undefined%,,,,
,available,,undefined%,,,,
,available,,undefined%,,,,
,available,,undefined%,,,,
,available,,undefined%,,,,
,available,,undefined%,,,,
,available,,undefined%,,,,
,available,,undefined%,,,,
,available,,undefined%,,,,
,available,,undefined%,,,,
,available,,undefined%,,,,